ExtCode^NextLink^NoFooter^PoemOutDict^Titles^IsActive^Date^DateChange^Link^IsDeleted^Files^Text
62195b9e5d5a11c6eb22ae89^^False^False^"[""ДУХОВНАЯ ВОЛНА""]"^False^01/26/2024 00:00:00^01/26/2024 12:10:02^^False^"[""5eeb5170ee6d7619745b6675""]"^"[""2-Timekeeping_Spiritual_Wave.jpg"",""3-The_Path_of_the_impulse.jpg""]"^<h3>ИМПУЛЬС ДУХОВНОЙ ВОЛНЫ ДЛЯ ИСПОЛНЕНИЯ НАШЕЙ ВОЛИ В ТОМ, ЧТО, НАЧИНАЯ С ЭТОГО ГОДА, НАВЕЧНО, РОССИЯ ЕСТЬ НА ПЛАНЕТЕ НОСИТЕЛЬ РАВЕНСТВА И ЛЮБВИ, И НИКАКИЕ СИЛЫ НЕ СМОГУТ ОСТАНОВИТЬ РОССИЮ!</h3>
6488a42d9231157cf9aaf9f1^^True^False^"[""Международный форум «Инновации и Развитие»""]"^True^10/08/2018 19:00:00^01/26/2024 02:25:36^intforum^False^"[""569d8556d07cda0a2b222693""]"^"[""Image00001.jpg"",""Image00002.jpg"",""Image00003.jpg"",""Image00004_2.jpg"",""Image00005_2.jpg"",""Image00006.jpg"",""Image00007_2.jpg"",""Image00008.jpg"",""Image00009_1.jpg"",""Image00009_2.jpg"",""Image00010.jpg"",""Image00011_2.jpg"",""Image00012.jpg"",""Image00013.jpg"",""Image00015_1.jpg"",""Image00015_2.jpg"",""Image00016_2.jpg"",""Image00017.jpg"",""Image00018.jpg"",""Image00019.jpg"",""Image00020.jpg"",""Image00021.jpg"",""Image00022.jpg"",""Image00023.jpg"",""Image00024.jpg"",""Image00025.jpg"",""Image00026.jpg""]"^"<p class=""c0"">04 октября 2018 г. во ФГУП «ГК «Президент-Отель» Управления делами Президента РФ прошла пятидесятая Конференция Международного Форума «Инновации и Развитие».</p><p class=""c0"">В программе форума принимали участие:</p><ul>
<li>преподаватели и научные сотрудники ведущих ВУЗов страны;</li>
<li>редакционный совет научного журнала «Модернизация, Инновации, Развитие»;</li>
<li>представители организаций различных сфер экономической и научной деятельности.</li>
</ul><p class=""c0""><br>Открыли Форум Председатель, Академик Российской академии естественных наук, Заместитель директора Высшей школы приватизации и предпринимательства (институт) Евгений Алексеевич Жуков.</p><p class=""c0"">Тема доклада: «Системный взгляд на экономику России».</p><p class=""c0"">Сопредседатель, Заслуженный работник Здравоохранения России, доктор медицинских наук, профессор Юрий Леонидович Арзуманов.</p><p class=""c0"">Тема доклада: «Проблемы здоровья молодёжи».</p><p class=""c0"">Член Правления, учредитель НП ААС, председатель Комиссии НП ААС по контролю за качеством аудиторской деятельности, главный научный сотрудник, заместитель заведующего кафедры учета, анализа и аудита экономического факультета ФГБОУ ВПО МГУ имени М.В. Ломоносова, главный редактор журнала «Аудит», д.э.н., профессор Владимир Тигранович Чая.</p><p class=""c0"">Тема доклада: «Инновации и развитие в условиях цифровой экономики».</p><p class=""c0"">&nbsp;</p><p class=""c0"">Профессор, доктор технических наук, академик РАЕН, Генеральный директор Холдинга «Научно-исследовательские институты Здоровьесберегающих технологий» Леонид Иванович Маслов.</p><p class=""c0"">Тема доклада: «Возможность управления клеточной активностью для остановки процессов старения».</p><p class=""c0"">&nbsp;</p><p class=""c0"">Также в рамках конференции прошла торжественная церемония награждения руководителей и лучших сотрудников РФ, организаций и институтов за вклад в развитие страны.</p><p class=""c0"">Совет Международного Форума на основании представленных документов, анализа и заключений экспертов, принял решение:</p><p class=""c0"">о включении Холдинга ООО «НИИ Здоровьесберегающих технологий» и Ярославского НИИ ЗСТ в число победителей конкурса «100 лучших предприятий и организаций России – 2018» в номинации «Лучшее научно-исследовательское предприятие».</p><p class=""c0"">Профессор, доктор технических наук, академик РАЕН, Генеральный директор Холдинга «Научно-исследовательские институты Здоровьесберегающих технологий» Леонид Иванович Маслов, награждён:</p><ul>
<li>орденом «Звезда Отечества»;</li>
<li>почётной медалью «За доблестный труд»;</li>
<li>почётной медалью «За инновации и развитие».</li>
</ul><p class=""c0"">Медали и награды зарегистрированы в Геральдическом совете при Президенте РФ.</p><p class=""c0"">В заключительной части мероприятия были подведены итоги, что каждый участник Международного Форума «Инновации и Развитие» вносит посильный вклад в процветание государства, на эффективную реализацию приоритетных международных, национальных и региональных программ, на расширение и укрепление международного и делового сотрудничества.</p>"
65b2190b5537c78d086b32fe^^False^False^"[""Создатель собирается передать России Права!""]"^True^01/25/2024 11:16:44^01/25/2024 12:44:06^poems/25.01.24^False^"[""570ef2fcd07cda3e16f93ef7""]"^^"<p class=""poem"">Дни, как обычно, бегут своей чередой!<br>
Человек не успевает за событиями!<br>
Ему кажется, что всё это происходит не со мной!<br>
Что это не жизнь, а лишь странные междометия!</p>

<p class=""poem"">Кажется, что всё это не с тобой, но ты участник!<br>
Только время бежит само по себе!<br>
Человек &ndash; у Пространства Вечный ученик!<br>
Человек каждый день сдаёт экзамен себе!</p>

<p class=""poem"">Люди все оказались перед Экзаменом!<br>
Только не перед бытовым, а Историческим!<br>
Ожидается Эпоха Великих перемен!<br>
Жизнь человека изменится категорически!</p>

<p class=""poem"">Шестая Эпоха перепишет Историю!<br>
Создатель предупредил, что будет сначала!<br>
Люди войдут в Информационное поле!<br>
Создатель будет в качестве Причала!</p>

<p class=""poem"">Мир изменится у людей на глазах!<br>
Такого масштаба преображения ещё не было!<br>
Шестая Эпоха спешит на всех парах!<br>
Ничего для людей не будет забыто!</p>

<p class=""poem"">Тьма устроила перекос в свою сторону!<br>
Россия пошла под раздачу!<br>
Создатель решил спасти эту страну!<br>
Он устроил информации передачу!</p>

<p class=""poem"">Россия, с помощью Бога, приняла Знания!<br>
Продолжает передавать Знания от Бога Мессия!<br>
Он формирует уже 20 лет людей Сознание!<br>
У него Спасителя Мира сего Миссия!</p>

<p class=""poem"">Россия теперь готова к Новой Эпохе!<br>
Период Шестой Эпохи есть 26000 лет!<br>
Не страшны для России Тьмы подходы!<br>
Россия имеет от Создателя в Космос Билет!</p>

<p class=""poem"">Важно, что Русь поняла свою Роль в Истории!<br>
Ей надо привести этот Мир к Гармонии!<br>
Надо сформировать людей другой категории!<br>
Для Шестой Эпохи такой переход не утопия!</p>

<p class=""poem"">Создатель подготовил Новые Правила!<br>
Теперь, Сам Создатель берёт управление!<br>
Человек больше никогда не получит такое Право!<br>
Управления Планетарным движением!</p>

<p class=""poem"">Шестая Эпоха будет теперь, как Новь!<br>
Люди должны в Духе пройти преображение!<br>
Информация о Мире передаётся через кровь,<br>
Вместе с Создателем будет вперёд движение!</p>

<p class=""poem"">Роль Мессии &ndash; это связь людей-Богов с Богом!<br>
Это особая для человечества Миссия!<br>
Не будет больше подведения итогов!<br>
Мессия &ndash; это Спаситель Мира сего &ndash; его Миссия!</p>

<p class=""poem"">Задачи людей-Богов намного сложнее:<br>
Вы переходите через Энергию к Информации!<br>
В Новой Эпохе &ndash; это намного важнее!<br>
Это &ndash; основная против Тьмы акция!</p>

<p class=""poem"">Надо вставать, ибо времени мало!<br>
Предложение Создателя было 10 лет назад!<br>
Люди, только идти к Богу стали!<br>
10 лет формировался Новый Народ!</p>

<p class=""poem"">Люди из Материи, ушли в Энергию!<br>
Но Великий Космос &ndash; это информация!<br>
Люди не понесли никакие потери,<br>
Информация &ndash; это Новых вибраций акция!</p>

<p class=""poem"">Россия озвучит Создателя Волю скоро!<br>
Задача Руси строго выполнять Правила!<br>
Наступает Новая Историческая пора!<br>
Создатель планирует передать Руси это Право!</p>

<p class=""poem"">Право управлять Планетарным полем!<br>
Россия, в свою очередь, подготовит Правила!<br>
Россия, должна будет проявить свою Волю,<br>
Она получила от Создателя на это Право!</p>

<p class=""poem"">20 лет Школы Богов уже дали всходы!<br>
Россия, первая, в Информационном поле!<br>
Не страшны России теперь никакие переходы,<br>
России надо проявить Право Свободной Воли!</p>

<p class=""poem"">Россия скоро подготовит свои предложения!<br>
Россия знает, на что Она уже готова!<br>
Она с Создателем, через Мессию, начала движение!<br>
России на счастье больше не нужна подкова!</p>

<p class=""noind"">Аминь.<br>
Отец Абсолют или Высший Космический Разум!</p>
"
65b0cb565537c78d086b32fd^poems/25.01.24^False^False^"[""Надо будет объявить Волю Создателя!""]"^True^01/24/2024 11:33:17^01/24/2024 11:33:26^poems/24.01.24^False^"[""570ef2fcd07cda3e16f93ef7""]"^^"<p class=""poem"">Ожидание &ndash; это всегда нервное состояние!<br>
События, которых ждёшь, воруют время!<br>
Человечество должно прекратить скитания!<br>
Ожидания, превращают жизнь в бремя!</p>

<p class=""poem"">Такого, как сейчас, ожидания не было миллионы лет!<br>
У людей всегда внутри ожидание Чуда!<br>
Люди упорно ждут для себя счастливый Билет!<br>
Счастья для людей ещё не было никогда!</p>

<p class=""poem"">Наступает время, когда в этом следует разобраться!<br>
Почему жизнь человека &ndash; всегда страдание!<br>
Не было на Планете такого состояния,<br>
Чтобы понять, что такое жизнь и что есть старание!</p>

<p class=""poem"">Люди не знают Историю и Начало Начал!<br>
Написано то, чего никогда не было!<br>
По Истории, жизнь человека &ndash; это печаль!<br>
Начало Истории пеленой веков скрыто!</p>

<p class=""poem"">Наступающая Эпоха требует начать снова!<br>
Точнее, с чистого, теперь, листа!<br>
Новая Эпоха &ndash; это очень хороший повод!<br>
Чтобы Вифлеемская вновь загорелась Звезда!</p>

<p class=""poem"">Создатель предлагает переписать Историю!<br>
Она вновь начинается с людей-Богов!<br>
Россию Создатель подготовил для этой категории,<br>
Начало &ndash; это отсутствие прошлых итогов!</p>

<p class=""poem"">Поверьте, исправлять прошлое, всегда плохо!<br>
Лучше всего начать всё снова с нуля!<br>
Как раз, удачно подходит Шестая Эпоха,<br>
Лучше начинать, после очистительного, дождя!</p>

<p class=""poem"">Создатель предложил Русь, в качестве точки отсчёта!<br>
Её Роль: спасти страну и весь Планетарный Мир!<br>
Школа Богов для людей &ndash; это Начало Полёта!<br>
Теперь для людей-Богов Создатель &ndash; ориентир!</p>

<p class=""poem"">Есть программа Создателя на 26000 лет!<br>
Это для людей-Богов есть лучшее предложение!<br>
Человечеству выписан в Космос Билет!<br>
Это личное, для Вас от Создателя, Распоряжение!</p>

<p class=""poem"">Теперь все войны и распри необходимо забыть!<br>
Перед людьми выставлена Новая точка отсчёта!<br>
Россия, прошедшая Школу Богов, знает, как быть!<br>
Наступает время уже Космического полёта!</p>

<p class=""poem"">Мир теперь будет начинаться с Равенства!<br>
Две Энергии &laquo;Плюс&raquo; и &laquo;Минус&raquo; &ndash; в Равновесии!<br>
Любви на Планете, обязательно, Главенство!<br>
Это самое Главное, для людей, Известие!</p>

<p class=""poem"">Создатель, давно, предложил переход при жизни!<br>
Предлагается единая &laquo;жизнь &ndash; переход&raquo; схема!<br>
Никто для Создателя в этой жизни не лишний!<br>
Остаётся за людьми, свободного выбора знака, тема!</p>

<p class=""poem"">Россия определена, как Плюс или Свет, на Планете!<br>
Кто будет для равновесия, определит Создатель!<br>
Главное условие: нет на Планете монеты,<br>
И нет на Планете уже обывателей!</p>

<p class=""poem"">Конкретные планы, должны быть позже!<br>
Сначала Создатель напишет Концепцию!<br>
Людям-Богам определиться пока сложно,<br>
Создатель готовит Планетарную Конституцию!</p>

<p class=""poem"">Прошлая История говорит, что Главное Равновесие!<br>
Люди-Боги должны заниматься собой!<br>
Равенство между людьми &ndash; это для Вселенной Известие!<br>
После этого, не будет очищения водой!</p>

<p class=""poem"">Сегодня Русь поднимает уровень Света!<br>
На Планете пока перевес Минуса!<br>
Теперь каждый, кто на Руси, за Равенство в ответе!<br>
Создатель больше не допустит кризиса!</p>

<p class=""poem"">Люди с Минусом должны будут уйти со Сцены!<br>
Для каких-то народов скоро наступит Судный день!<br>
Плюса не коснутся все, ожидаемые, перемены!<br>
Исчезнет с Планеты навечно любая Тень!</p>

<p class=""poem"">Надо будет объявить Волю Создателя!<br>
Создатель принимает на себя управление!<br>
Для людей, исполнение Воли Создателя, обязательно!<br>
Теперь в сторону Равенства Энергий должно быть движение!</p>

<p class=""poem"">Против войны движение обеспечено!<br>
Равенство встречных потоков &ndash; это есть жизнь!<br>
Божественной Монархии строй безупречен!<br>
Среди людей-Богов невозможен быт!</p>

<p class=""noind"">Аминь.<br>
Отец Абсолют или Высший Космический Разум!</p>
"
65af7ddea2259aac0d78b02c^poems/24.01.24^False^False^"[""По Спектаклю Создателя: Русь начинает!""]"^True^01/23/2024 11:50:27^01/23/2024 13:43:58^poems/23.01.24^False^"[""570ef2fcd07cda3e16f93ef7""]"^^"<p class=""poem"">Всех людей трясёт от ожидания Мировой проблемы!<br>
Все люди понимают, что конец неизбежен!<br>
Люди никуда не уйдут от этой дилеммы!<br>
Правильный выбор сегодня для всех людей важен!</p>

<p class=""poem"">Но каждая сторона видит только для себя выбор!<br>
Тьма предполагает довести всех до конца!<br>
Однако, Свет предполагает провести отбор!<br>
Создатель считает, что не будет никакого конца!</p>

<p class=""poem"">Есть Исторические планы Бога переделать Мир!<br>
Наступает время Шестой Эпохи!<br>
Создатель предложил опять Равенство, как ориентир!<br>
Россия, по Его мнению, должна встать впереди Эпохи!</p>

<p class=""poem"">Сложное предложение Бога для страны на войне!<br>
Причём, на войне со всем Миром, сразу!<br>
При внутреннем противоречии, это сложнее вдвойне!<br>
Нельзя отказываться от Божественного Указа!</p>

<p class=""poem"">Создатель знает, что Русь прошла Его Школу!<br>
20 лет обучения &ndash; это очень большой срок!<br>
Россия не должна жить Тьме Мировой в угоду!<br>
Россию больше 100 лет преследует Рок!</p>

<p class=""poem"">Страна выбрана была Создателем!<br>
Россия должна нести Равенство в массы!<br>
Ушла революция, но пришли обыватели!<br>
Россия потеряла, дарованную Богом, трассу!</p>

<p class=""poem"">После Школы Богов пора вновь подниматься!<br>
Основная масса на Руси не имеет Знаний!<br>
Людям Руси придётся очень постараться!<br>
Чтобы пришло Судьбы своей понимание!</p>

<p class=""poem"">Создатель уже готовит Россию к Подвигу:<br>
Россия должна принять Крест Поводыря!<br>
Русь должна быть у человечества на виду!<br>
Люди не обойдутся, сегодня, без словаря!</p>

<p class=""poem"">Россия должна перевести Знания на язык!<br>
Россия будет Учителем Света в Духе!<br>
Россия – это между человечеством и Богом стык!<br>
Что капитал победит Россию &ndash; это пустые слухи!</p>

<p class=""poem"">Шестая Эпоха &ndash; это другие совсем вибрации!<br>
Человек, без Знаний, не выдержит их!<br>
За Россией остаётся Спасителя акция!<br>
Русь примет на себя Крест в нужный Миг!</p>

<p class=""poem"">Россия уже готовится, идёт построение!<br>
Энергии Любви взяли прошлый барьер!<br>
Начинается России к Создателю движение!<br>
Для России скоро будет Премьера!</p>

<p class=""poem"">Перестроение рядов уже даёт результаты!<br>
Энергия Любви поднялась в два раза!<br>
Теперь отступят от Неё Сатаны супостаты!<br>
Изменится эта Планета почти сразу!</p>

<p class=""poem"">Ключевая Роль в этом отведена России!<br>
Создатель делегировал для Неё Мессию!<br>
Спасти Россию и этот Мир &ndash; это Его миссия!<br>
Восстановление Равенства &ndash; Главная часть Миссии!</p>

<p class=""poem"">Три недели дано на переосмысление!<br>
Россия должна определить позицию!<br>
Необходимо упорядоченное движение!<br>
Это будет эволюции Сознания акция!</p>

<p class=""poem"">Пока весь Мир не знает, что это будет!<br>
Тьма занята Мировой войной!<br>
Мировой рынок людям мозги мутит!<br>
Над  Планетой погасла Звезда чередой!</p>

<p class=""poem"">Но на горизонте видна Алая уже заря!<br>
Заря Нового для Светила года!<br>
Россия, как всегда, не говорит ничего зря!<br>
Меняется на Планете в Духе погода!</p>

<p class=""poem"">Россия должна встать всем вопреки!<br>
Никто не ожидает от изгоя Подвига!<br>
Сегодня, в Мире очень нужны сквозняки,<br>
Люди увидят Начало Планетарного сдвига!</p>

<p class=""poem"">По Спектаклю Создателя: Русь начинает!<br>
История просматривается в Её действиях!<br>
Пусть человечество лучше время считает!<br>
Россия &ndash; это военных действий следствие!</p>

<p class=""poem"">Русь: всё наперекор и всё по-другому!<br>
Нет в этом человеческой логики!<br>
Мир, оказалось, не готов к такому!<br>
Русь уже начинает, пусть пока по толике!</p>

<p class=""poem"">Каждый Миг, приближает Событие!<br>
Весь Мир ждёт этого с нетерпением!<br>
Люди мечтают, что изменится бытие!<br>
Люди-Боги не будут у Создателя на иждивении!</p>

<p class=""noind"">Аминь.<br>
Отец Абсолют или Высший Космический Разум!</p>
"
65ae276f225e37e4d1c923e7^poems/23.01.24^False^False^"[""Год начинается с Российского предложения!""]"^True^01/22/2024 11:29:26^01/22/2024 11:29:35^poems/22.01.24^False^"[""570ef2fcd07cda3e16f93ef7""]"^^"<p class=""poem"">Мир, ускоренно, спешит к катастрофе!<br>
В этом году пройдут основные выборы!<br>
Но война с Россией будет основой!<br>
Поражение России &ndash; Запада доводы!</p>

<p class=""poem"">В этом Спектакле не ясна политика!<br>
Мир нельзя перевернуть, как хочется!<br>
Каждая страна играет роль винтика!<br>
Никто не знает, как этот год сложится!</p>

<p class=""poem"">Год беспокойный, но это год России!<br>
Главное, будет у России Договор с Богом!<br>
На сцену Истории от Создателя выходит Мессия!<br>
Политика войны для Мира может обернуться потопом!</p>

<p class=""poem"">Политики капитала играют в свою игру!<br>
У них Главный оппонент Лидер России!<br>
Они ещё не поняли, что могут пойти ко дну,<br>
От Создателя в бой вступает Мессия!</p>

<p class=""poem"">Это Третья сила в войне уже от Создателя!<br>
Война не может разрастись до Мировой четвёртой!<br>
Войну поддерживают лишь обыватели!<br>
Им кажется, что не будет этап Эволюции очередной!</p>

<p class=""poem"">Но уже Богом расписаны все Этапы!<br>
Год тоже расписан, все подъёмы и впадины!<br>
Люди не могут ничего изменить &ndash; они слабы!<br>
Они не понимают, что такое мировые войны!</p>

<p class=""poem"">За жизнь людей, кто-то должен ответить!<br>
Власть в стране отвечает за всё!<br>
Создатель продолжает эту шельму метить!<br>
Первыми ответит Американское жульё!</p>

<p class=""poem"">Год високосный расставит всё по точкам!<br>
У России будет взвешенное предложение!<br>
Россия должна подготовить это срочно!<br>
Надо страны перенаправить движение!</p>

<p class=""poem"">Лидер решил, что дальше встанет Народ!<br>
Сколько можно воевать, теряя людей!<br>
К сожалению, нет Идеологии в этом Народе!<br>
Страна не видит к Миру своих путей!</p>

<p class=""poem"">Возникает Вечный вопрос: что дальше?<br>
Россия должна поменять Судьбу!<br>
Ложь всегда для людей слаще Правды!<br>
Но жить в неопределённости тоже невмоготу!</p>

<p class=""poem"">Создатель откроет глаза России!<br>
Ещё до выборов будет видна Правда!<br>
У России есть от Создателя Мессия!<br>
За Россией этой Планеты Завтра!</p>

<p class=""poem"">Нет в списках у Бога многих стран!<br>
Нет в списках Америки и Европы!<br>
Россия для Создателя, как Мира гарант!<br>
Останутся от Европейских шоссе тропы!</p>

<p class=""poem"">Поменяется Россия, утихнет война!<br>
Россия &ndash; главный для всех раздражитель!<br>
Россия для Создателя &ndash; Света сторона!<br>
Россия &ndash; это страна Небожителей!</p>

<p class=""poem"">Високосный год &ndash; это ключевой год для всех!<br>
Шестая Эпоха уже стучится в двери!<br>
Россия сметёт со своих ног помехи!<br>
Она имеет от Создателя Доверие!</p>

<p class=""poem"">Есть Сценарий того, что есть Завтра!<br>
Повторяю, Россия &ndash; это ключевой игрок!<br>
Создатель в Школе Богов сказал Правду!<br>
Все страны должны принять это впрок!</p>

<p class=""poem"">Идеология Создателя поднимает людей!<br>
Всем надоел рынок и неравенство!<br>
Россия выбрала один из Главных путей:<br>
Вернуть на Планету Любовь и Равенство!</p>

<p class=""poem"">Россия восстановит прерванный Путь!<br>
Она восстановит свою Эволюцию!<br>
Создатель будет управлять и в этом Суть!<br>
Для совершенства Сознания не нужна революция!</p>

<p class=""poem"">Россия выбирает путь к Космизму!<br>
Шестая Эпоха создаст все условия!<br>
В Материи должен быть Коммунизм!<br>
В Духе &ndash; это Космизма подобие!</p>

<p class=""poem"">Год начинается с Российского предложения!<br>
Будут пересмотрены все выборы!<br>
Мир не будет естественным продолжением!<br>
Видна Зарница совершенно Новой поры!</p>

<p class=""noind"">Аминь.<br>
Отец Абсолют или Высший Космический Разум!</p>
"
65acece7225e37e4d1c923e6^poems/22.01.24^False^False^"[""Люди-Боги перепишут Планеты Историю!""]"^True^01/21/2024 13:07:21^01/21/2024 14:23:11^poems/21.01.24^False^"[""570ef2fcd07cda3e16f93ef7""]"^^"<p class=""poem"">Создатель определил круг людей в Боге!<br>
Идёт подготовка этих людей к действиям!<br>
Придётся скоро подводить Исторические итоги!<br>
Только для тех, кто готов к содействию!</p>

<p class=""poem"">Мир напряжён, люди не понимают, что будет!<br>
А, будет Великое преображение этого Мира!<br>
Конечно, такой Спектакль никто не забудет!<br>
Начинается жизнь, в рамках Нового ориентира!</p>

<p class=""poem"">Люди понимают, что Главное произойдёт в России!<br>
Выборы Президента здесь ни при чём!<br>
Сыграет ключевую роль от Бога Мессия!<br>
Россия накроется уже Божественным Кумачом!</p>

<p class=""poem"">Россия должна вернуться вновь к Эволюции!<br>
Нельзя было прерывать Исторический этап!<br>
Россия внутри себя закончит этап революции!<br>
Это будет уже с Создателем Start Up!</p>

<p class=""poem"">Система в России без Бога не выдержит испытаний!<br>
Искусственный или силовой путь не для России!<br>
Знания от Бога прекратят людей скитания!<br>
Спасти Мир и Россию &ndash; это задача от Бога Мессии!</p>

<p class=""poem"">Подготовлены от Небес все нужные документы!<br>
Создатель разрешил их озвучить своему Мессии!<br>
Шестая людей цивилизация &ndash; это Главные аргументы!<br>
Спасти Мир сего &ndash; это Ваша Главная Миссия!</p>

<p class=""poem"">Мессия реализует все Планы Создателя!<br>
Шестая Эпоха развернётся опять к Равенству!<br>
Не будет более на Планете обывателей!<br>
Прекратится рынок Мировой и неравенство!</p>

<p class=""poem"">Управление Пространством возьмёт Суверен!<br>
Практически управление примет на себя Мессия!<br>
Человечество будет теперь уверено,<br>
Что начинается Божественной Монархии Сессия!</p>

<p class=""poem"">Напрасно люди считают, что нет изменений!<br>
Шестая Эпоха изменит частоту вибраций!<br>
Люди-Боги почувствуют внутри перемены!<br>
На Планете к Равенству будет смещение!</p>

<p class=""poem"">Люди поймут, что изменились жизни условия!<br>
Изменятся условия общежития!<br>
Не будет на Планете никаких сословий!<br>
Изменится Смысл людей-Богов бытия!</p>

<p class=""poem"">Сначала люди-Боги шагнут в Космос!<br>
Их задача, творить Новые Миры и Вселенные!<br>
Будет исключён из Сознания людей перекос!<br>
Люди, поймут, что их Дух &ndash; нетленный!</p>

<p class=""poem"">Великое Завтра, откроет Шестая Эпоха!<br>
На 26000 лет людей ждут Новые условия!<br>
Люди не должны опасаться потопа!<br>
Человек-Бог &ndash; это Небесное уже сословие!</p>

<p class=""poem"">Россия прошла, первой, Школу Богов!<br>
Миру ещё не известна &ndash; эта Высшая Школа!<br>
Люди не понимают, каких Россия достигла итогов!<br>
И что же такое &ndash; эта Высшая Создателя Школа?</p>

<p class=""poem"">Больше не будет в этом Мире противостояния!<br>
Мир перечеркнёт прошлые все религии!<br>
Главное, для человека &ndash; это в Духе состояние!<br>
Исключены будут и все вериги!</p>

<p class=""poem"">Люди-Боги перепишут Планеты Историю!<br>
Все искажения будут исправлены!<br>
Будет только людей-Богов Небесная категория!<br>
Люди в Духе будут перенаправлены!</p>

<p class=""poem"">Люди Вечны, как и Вечна Вселенная!<br>
Поменяется характер и Смысл проявления!<br>
Вы в Космосе будете нетленными!<br>
У Вас астральными будут все достижения!</p>

<p class=""poem"">Сегодня или накануне, надо сделать Одно!<br>
Вам надо объявить Единую Волю!<br>
Для Новой цивилизации открыть в Космос окно!<br>
Надо поменять людей Долю!</p>

<p class=""poem"">Поверьте, это всё в Вашей Воле!<br>
Примите на себя за Мир ответственность!<br>
Быть человеком-Богом, нет счастливее Доли!<br>
Это от Создателя в Духе Девственность!</p>

<p class=""noind"">Аминь.<br>
Отец Абсолют или Высший Космический Разум!</p>
"
65abf6d3f71e528327788033^poems/21.01.24^False^False^"[""Власть не хочет ничего менять!""]"^True^01/20/2024 19:37:29^01/20/2024 19:37:39^poems/20.01.24^False^"[""570ef2fcd07cda3e16f93ef7""]"^^"<p class=""poem"">Какое тяжёлое клеймо есть Начало жизни!<br>
Человеку за всё приходится платить!<br>
В этот момент нет никакой мысли!<br>
Человек не знает, как ему быть!</p>

<p class=""poem"">Ничего не приходит в голову!<br>
Человек приходит на Свет на готовое!<br>
Так получается, что жить надо смолоду!<br>
Нельзя ожидать, что всё готовое!</p>

<p class=""poem"">Вокруг человека &ndash; всё неопределённое!<br>
Человек не знает, что будет Завтра?<br>
Перед человеком прошлое уже сложено!<br>
Но никто не говорит о Прошлом Правду!</p>

<p class=""poem"">Каждый Этап жизни начинается вновь!<br>
Что было пройдено, никто не говорит!<br>
Информацию по телу передаёт кровь!<br>
Человек в жизни сам себя и творит!</p>

<p class=""poem"">Непонятна ему Цель проявления!<br>
Окружение говорит лишь о сложностях!<br>
Прошлое &ndash; это несуществующее явление!<br>
Человек не знает свои возможности!</p>

<p class=""poem"">В стране миллионы людей разные!<br>
Истоком каждого человека есть Род!<br>
Богатые ведут жизнь праздную!<br>
Человек должен найти выход!</p>

<p class=""poem"">Люди &ndash; это масса людей в одном месте!<br>
Нужно определить людей позицию!<br>
Создатель часто говорит слово &laquo;вместе&raquo;!<br>
Людей разделяет церковная инквизиция!</p>

<p class=""poem"">Самая отрицательная часть Мира &ndash; это власть!<br>
Ради власти люди готовы на всё!<br>
К власти у человека развивается Цель и страсть!<br>
Власть, в результате, есть человеческое гнильё!</p>

<p class=""poem"">Повторяю, люди, ради власти готовы на всё!<br>
Есть люди, защищающие власть от власти!<br>
Вокруг власти, так сложилось очень давно,<br>
Смертельные кипят страсти!</p>

<p class=""poem"">За власть внутри страны, идёт вечный бой!<br>
В России картина хуже всего!<br>
В основном в этом бое звучит звериный вой!<br>
Там нет ничего от Святого Духа и нет участия Моего!</p>

<p class=""poem"">70 лет Союза перевернули Русский мир!<br>
Впервые Новая власть говорила о Равенстве!<br>
Справедливость была предложена, как ориентир!<br>
Любовь, как у Бога, была Главенством!</p>

<p class=""poem"">Два поколения людей прошли это!<br>
Другая жизнь и другая ментальность!<br>
Но власть капитала наложила на Свободу вето!<br>
Вернулась в этот Мир тоталитарность!</p>

<p class=""poem"">Теперь люди вспоминают капитал и рабство!<br>
Кто за капитал, тот кричит о свободе!<br>
При капитале люди опустились на дно!<br>
Кто вспоминает о рабстве, тот кричит о беде!</p>

<p class=""poem"">Известно, что рыба гниёт с головы!<br>
Это касается, прежде всего, самой России!<br>
Надо срочно менять в Духе страны основу!<br>
Создатель ради этого прислал Своего Мессию!</p>

<p class=""poem"">Нужно срочно вернуть человеку Небо!<br>
Материя &ndash; это не для человека-Бога!<br>
Нельзя отдавать человека Тьме на потребу!<br>
В таких условиях не будет положительного итога!</p>

<p class=""poem"">Власть не хочет ничего менять!<br>
В Мире есть международная Мафия!<br>
Люди должны на своём опыте понять!<br>
Если они согласились жить под Мафией!</p>

<p class=""poem"">Людей натравляют друг на друга религии!<br>
Славяне уничтожают друг друга!<br>
Люди не понимают, что на них надеты вериги!<br>
Они уже научились быть слугами!</p>

<p class=""poem"">Все кричат о внутреннем патриотизме!<br>
В этих людях, как у власти, нет извилин!<br>
Не бывает патриотизма в капитализме!<br>
Каждый человек в этом Мире пилигрим!</p>

<p class=""poem"">Людям не известны пути-дороги!<br>
Всех людей разделили богатство и быт!<br>
Капитализм &ndash; это в жизни человека пороги!<br>
Человек, так и не понял: &laquo;быть или не быть&raquo;!</p>

<p class=""noind"">Аминь.<br>
Отец Абсолют или Высший Космический Разум!</p>
"
65aa3d291d7f94b6203d9c5f^poems/20.01.24^False^False^"[""Спасение людей заложено в Единении!""]"^True^01/19/2024 12:13:08^01/19/2024 13:45:35^poems/19.01.24^False^"[""570ef2fcd07cda3e16f93ef7""]"^^"<p class=""poem"">В любом случае жизнь требует анализа!<br>
Вечный вопрос, что для человека Жизнь?<br>
Интересно, с какой модели, эта жизнь, списана?<br>
И почему, кажется, что человек здесь уже был?</p>

<p class=""poem"">Много вопросов, но Главный один!<br>
В чём же смысл человеческого пребывания?<br>
Но почему в Вечности человек всегда один?<br>
И почему жизнь человека &ndash; это разочарование?</p>

<p class=""poem"">Человек открывает глаза &ndash; перед ним Родители!<br>
Почему рождается человек сразу в системе?<br>
Почти до самосовершенствования &ndash; они водители?<br>
Никто не говорит человеку о Главной Теме!</p>

<p class=""poem"">О Создателе жизни, все вспоминают поздно!<br>
Никто не понимает, что это для жизни?<br>
Появляется опасность, что у жизни есть дно!<br>
Вот когда человек ощущает себя лишним!</p>

<p class=""poem"">Половина всей жизни &ndash; это осознание!<br>
Вторая половина жизни борьба за здоровье!<br>
Только к концу жизни приходит понимание,<br>
Что жизнь &ndash; это вокруг человека &ndash; враньё!</p>

<p class=""poem"">К концу жизни возникает вопрос: всё зачем?<br>
Прожитая жизнь &ndash; это только опыт!<br>
При жизни человек руководствовался чем?<br>
Оказалось, что жизнью человека руководил быт!</p>

<p class=""poem"">Если всё именно так, то всё в жизни примитивно!<br>
Нет ничего Великого при проявлении!<br>
Ведь жизнь человека должна быть активной!<br>
Впереди должны быть Небесные достижения!</p>

<p class=""poem"">Но на этот период дана только часть!<br>
Причём, самая малая часть жизни!<br>
Понять свою Цель жизни, для человека счастье!<br>
Повторяю, человек в этой жизни не лишний!</p>

<p class=""poem"">Если люди собрались вместе, то это уже Цель!<br>
Прежде всего, Цель того, кто всех собрал!<br>
Значит, имеет смысл даже обычная мель,<br>
Для чего-то существует и в Духе Портал?</p>

<p class=""poem"">Поверьте, жизнь начинается, когда вместе!<br>
Один человек ничего, поверьте, не может!<br>
Трудная задача, когда люди собрались вместе!<br>
Только Создатель этот Пазл сложит!</p>

<p class=""poem"">По отдельности, каждый тащит к себе!<br>
В разнообразии идей нет Единства!<br>
Каждый видит смысл только в себе!<br>
В этом есть противоречие естества!</p>

<p class=""poem"">В чём же Естество для самого человека?<br>
Он ведь поставлен выше Природы!<br>
Это Вечная для человека Тема!<br>
Человек &ndash; это Высшая форма породы!</p>

<p class=""poem"">Создатель поставил для человека условия!<br>
Всё должен человек сам без помощи!<br>
Но люди придумали для себя сословия,<br>
Чтобы за счёт других повысить Мощь!</p>

<p class=""poem"">Спасение людей заложено в Единении!<br>
Но Единение &ndash; это Природы условия!<br>
Только в Духе может быть сближение!<br>
Когда не нужны ни чины, ни сословия!</p>

<p class=""poem"">Выбор всех действий только за человеком!<br>
Тысячи лет этой Идеологии!<br>
Люди попытались решать эту Тему только эхом!<br>
Нет внутри человека такой психологии!</p>

<p class=""poem"">При рождении человека есть помощь Рода!<br>
Мудрость проявляется уже только в стране!<br>
В Природе формируется людей порода!<br>
Человек понимает, что Он &ndash; Суверен в своей стороне!</p>

<p class=""poem"">Это есть период формирования Личности!<br>
Каждый успевает только свою Часть!<br>
Не бывает среди людей идентичности!<br>
Люди внутри коллектива ощущают Счастье!</p>

<p class=""poem"">Подходит скоро Шестая Эпоха!<br>
Людям она дана на 26000 лет!<br>
В этом круге Светила нет никакого подвоха!<br>
У Вас у всех есть Общий в Вечность Билет!</p>

<p class=""poem"">Надо понять, что в жизни вы &ndash; вечно!<br>
Это основное, для всех Вас, условие!<br>
Не относитесь к этим словам беспечно!<br>
Вы &ndash; сами есть Божественное Сословие!</p>

<p class=""noind"">Аминь.<br>
Отец Абсолют или Высший Космический Разум!</p>
"
