IdObj^NextLink^NoFooter^PoemOutDict^Titles^Title^Date^DateChange^Link^IsDeleted^Catalog^Catalogs^Text
65114017a5644c52ff7ee71c^poems/26.09.23^False^False^"[""Создатель, как залог Любви, передаст Вам Своё Знамя!"",""Знания есть и есть контакт с Богом!""]"^Знания есть и есть контакт с Богом!^09/25/2023 11:08:45^10/20/2023 17:34:00^poems/25.09.23^False^570ef2fcd07cda3e16f93ef7^"[""570ef2fcd07cda3e16f93ef7""]"^"<p class=""poem"">Люди волнуются, ибо грядут небывалые события!<br />Люди даже не представляют, что будет Завтра!<br />Уже не важно, как изменится для людей бытие!<br />Люди впервые услышали не власть, а от Бога Правду!</p>
<p class=""poem"">Людям в такой момент, конечно, нужна поддержка!<br />Не хватает у людей простой выдержки!<br />Создатель и Его Мессия &ndash; есть для людей Надежда!<br />У руля Планеты, сегодня Тьма и невежды!</p>
<p class=""poem"">Эта власть обсуждает, что сделать с Миром!<br />Не понимая, что управление в руках у Создателя!<br />Не будет никогда между Народами перемирия!<br />Судьбу Планеты не могут решить обыватели!</p>
<p class=""poem"">Власти всех капиталистических стран похожи!<br />Нет интереса в развитии своих стран!<br />Их политические интересы схожи,<br />Главное, это вооружённые силы страны!</p>
<p class=""poem"">Деньги и вооружённые силы &ndash; это основа бизнеса!<br />Главное, правильно поделить этот Мир!<br />Нет условий для человеческого прогресса!<br />Получить превосходство в деньгах &ndash; ориентир!</p>
<p class=""poem"">Любой ценой надо им сохранить Америку!<br />Так решил Мировой капитал!<br />Финансовая в Мире началась истерика!<br />Никто не хочет понять, что есть и Астрал!</p>
<p class=""poem"">Форма власти Мира сего &ndash; есть Материя!<br />Так было на Планете много тысячелетий!<br />Но уходили в никуда все Мировые Империи!<br />Не изменяется для людей никогда Межлетие!</p>
<p class=""poem"">Впервые появилась возможность изменить этот Мир!<br />Не просто изменить, а кардинально переделать!<br />Теперь для людей Мессия от Создателя &ndash; ориентир!<br />России впору вспомнить про Исторические Веды!</p>
<p class=""poem"">Веды России были преданы за &laquo;Свободу&raquo;!<br />Владимир заставил принять Христианство!<br />Россия приняла религию без повода!<br />За Россией остался грех Отступничества!</p>
<p class=""poem"">Много столетий Россия боролась с Судьбой!<br />Совсем недавно Создатель прислал Своего Мессию!<br />Русь не может свои интересы отстаивать гурьбой!<br />Надо понять смысл своей Миссии!</p>
<p class=""poem"">Создатель помог осознать вековую Проблему!<br />Главная Проблема России &ndash; это неравенство!<br />Это в глубине Души есть Вечная дилемма,<br />Всегда несправедливое было Царство!</p>
<p class=""poem"">Мелькнул Советский Союз, как гарант Равенства!<br />Старшие поколения познали Истину!<br />Не удержал Союз людей в Равенстве,<br />Через 73 года Россия вновь опустилась во Тьму!</p>
<p class=""poem"">Но пример Союза не прошёл даром!<br />Люди запомнили сладость в Духе Свободы!<br />Старшие и Молодёжь скоро встанут рядом,<br />Чтобы собраться по этому поводу!</p>
<p class=""poem"">Знания есть и есть Контакт с Богом!<br />Мессия &ndash; это гарант такого сотрудничества!<br />Великое Вече будет таким Итогом!<br />Уже всех в Мире людей СоТворчества!</p>
<p class=""poem"">Создатель для Вас конкретизировал Задачу!<br />Надо выстроить в Духе Пирамиду!<br />Тогда откроется возможность информации передачи! <br />Совесть для людей &ndash; это внутренняя Фемида!</p>
<p class=""poem"">Теперь важен не Октаэдр СоТворчества!<br />А Пирамида Единения людей в Духе!<br />Вот, когда с Богом Вас ожидает Творчество!<br />Что Русь обычная, как и все страны &ndash; это Тьмы слухи!</p>
<p class=""poem"">Вам надо пересмотреть Ваши ряды строго!<br />Если есть сомнения надо убрать!<br />Не должно быть команды: &laquo;око за око&raquo;!<br />Человек перед Создателем не может лгать!</p>
<p class=""poem"">Обсудите, что надо делать срочно!<br />Восемь равных Граней &ndash; это есть Пирамида!<br />Все Грани должны составить периметр точно!<br />Пусть остаётся только внутренняя Фемида!</p>
<p class=""noind"">Аминь.<br />Отец Абсолют или Высший Космический Разум!</p>
<p class=""noind"">25.09.2023</p>
<div class=""next""><a name=""2""></a>
<h1><span class=""date"">25.09.2023 </span>Катрен &ldquo;Создатель, как залог Любви, передаст Вам Своё Знамя!&rdquo;</h1>
</div>
<p class=""poem"">Борьба между Светом и Тьмой идёт на всех уровнях!<br />Острее всего на уровне человечества!<br />Не проходит без сражения ни одного в Мире дня!<br />Война прекращается только внутри Отечества!</p>
<p class=""poem"">Люди стараются отстоять свои представления!<br />У человека нет видения своего в дальнейшем развития!<br />Власть осуществляет на человека своё давление!<br />Поэтому жизнь человека печальное всегда событие!</p>
<p class=""poem"">Человек внутри всегда грустит, даже без повода!<br />Жизнь короткая и нет в этом оправдания!<br />Нет для продолжения жизни никакого довода!<br />Да и жить людям нет никакого желания!</p>
<p class=""poem"">Наступает Историческое время перемены позиции!<br />Короткая жизнь &ndash; жизнь без Завтра!<br />Раньше была религиозная инквизиция,<br />И никто не говорил в чём этой жизни Правда!</p>
<p class=""poem"">Человек поэтому сам ничего не может!<br />Очень коротка активная жизни часть!<br />Человек рассчитывает, что Бог всегда поможет!<br />Бог сказал всем людям, что Вы &ndash; есть Моя часть!</p>
<p class=""poem"">Дальше этого, так и ничего не случилось!<br />Наступил уже 21 век!<br />Только сейчас, на границе Эпох, Судьба постучалась,<br />Ожидаемый Квантовый переход всех в ужас поверг!</p>
<p class=""poem"">Все прошлые Эпохи прошли в войнах!<br />Империи рушились одна за другой!<br />Мир на Планете был только на словах,<br />Люди так и не смогли разобраться с бедой!</p>
<p class=""poem"">Нет никогда Единения людей в Духе!<br />Границы разделили людей навсегда!<br />Что будет когда-то Счастье &ndash; это пустые слухи,<br />Несчастье сопровождало людей всегда!</p>
<p class=""poem"">Сегодня, накануне Новой Эпохи людей не остановить!<br />Война продолжается в другом Масштабе!<br />Создатель был вынужден Мессию явить!<br />Чтобы сформировать управления на Планете Штаб!</p>
<p class=""poem"">Казалось, что Новая Эпоха придёт очень скоро!<br />Но люди не услышали Создателя предупреждения!<br />Главная на Планете книга &laquo;Тора&raquo;!<br />Она сформировала чуждые людям убеждения!</p>
<p class=""poem"">Люди совсем подчинились Мамоне!<br />Война за Мамону &ndash; это Мировая война!<br />Мир остановился на Историческом перегоне!<br />Надежда на спасение ещё жива!</p>
<p class=""poem"">Люди борются за свой интерес вечно!<br />Сегодня из Истории видно, что всё напрасно!<br />Большинство смирились и живут беспечно!<br />Но кто-то воюет за Мамону страстно!</p>
<p class=""poem"">Новая Эпоха заставит людей подумать!<br />Не будет вольности для плохих людей!<br />Придётся людей к Создателю направлять,<br />Что делать Вам станет видней!</p>
<p class=""poem"">Нужны Новые представления и их понимание!<br />Понимание всех Канонов Вечности!<br />Надо на себя и на Бога обратить внимание!<br />В этом нет никакой срочности!</p>
<p class=""poem"">Нужна Идеология Равенства на Земле!<br />Люди должны понимать, что может случиться потоп!<br />Надо нести Вам Любовь всегда и везде!<br />Тогда Бог и остановит неверия Мировой поток!</p>
<p class=""poem"">Создатель, как залог Любви, передаст Своё Знамя!<br />Все другие знамёна на Земле не от Создателя!<br />Знамя Бога, как горящее Любви Пламя!<br />Оно поднимет даже последнего обывателя!</p>
<p class=""poem"">Не стоит биться с силами Тьмы напрасно!<br />Тьма &ndash; это от сил Сдерживания!<br />При равенстве в Духе на Планете всё будет прекрасно!<br />Вы же силы Мои Творения!</p>
<p class=""poem"">Не обращайте внимания на быт или его проблемы!<br />Это недостойно людей-Богов!<br />У вас Равенство &ndash; есть вековая дилемма!<br />Главное, что Вы с Богом и без оков!</p>
<p class=""noind"">Аминь.<br />Отец Абсолют или Высший Космический Разум!</p>"
6525083ee5204d1174d24a3c^poems/11.10.23^False^False^"[""Создатель объявит о готовящихся изменениях!""]"^Создатель объявит о готовящихся изменениях!^10/10/2023 11:15:49^10/20/2023 17:12:56^poems/10.10.23^False^570ef2fcd07cda3e16f93ef7^"[""570ef2fcd07cda3e16f93ef7""]"^"<p class=""poem"">Много научных Открытий, но нет понимания человека!<br>
Человек появился на Планете, как вариант подобия!<br>
Тысячи лет нет человека развития и в этом беда!<br>
Человек не выполняет, поставленные перед ним условия!</p>

<p class=""poem"">Человек считает свой срок проявления, как жизни конец!<br>
Но жизнь в Тонком плане никогда не прекращается!<br>
Человек живёт, как Создателя Мира сего, образец!<br>
Но в Создателя, человек так и не превращается!</p>

<p class=""poem"">Человек сражается за продолжение жизни с жизнью!<br>
Человеческая жизнь Создателем разделена на две части!<br>
Такое разделение трудно связать всегда с Былью!<br>
Переход из Материи в Дух &ndash; это не смерть, а Счастье!</p>

<p class=""poem"">Так думают те люди, которые этот Мир понимают!<br>
Таких Святых людей на Планете совсем немного!<br>
Они очень внимательно словам Создателя внимают!<br>
Живут очень активно, не дожидаясь бытового итога!</p>

<p class=""poem"">Искусство и медицина опущены до уровня обывателя!<br>
Они обслуживают низший уровень развития Сознания!<br>
Тех, кто совсем не интересен Создателю!<br>
У них нет своей Великой Судьбы понимания!</p>

<p class=""poem"">Мир всё продолжает воевать за быт и чужие территории!<br>
Люди определяют этот Мир по своим национальным меркам!<br>
Создатель недавно уже менял территорию на акваторию!<br>
Давая право, распорядиться людьми морским волнам!</p>

<p class=""poem"">Создатель уже много раз, начинал в Мире всё с Начала!<br>
Бог не оставляет Надежду изменить людей Сознание!<br>
Перед Шестой Эпохой, Бог подготовил для России Причал!<br>
Создатель через Мессию передавал и передаёт Знания!</p>

<p class=""poem"">Попытка сотворить Новое человечество продолжается!<br>
Бог решил, что через Россию можно достичь результат!<br>
Стремление к Равенству на Руси отражается!<br>
Но правит Великой страной пока человек-супостат!</p>

<p class=""poem"">Осталось недолго терпеть людям насилие!<br>
Шестая Эпоха поменяет для России Устав!<br>
Власть поймёт, что такое перед Богом бессилие!<br>
Народ жить, в мире политических перемен, устал!</p>

<p class=""poem"">Всё постепенно перейдёт к Порядку, как в Небе!<br>
Первое условие: все люди равны перед Богом!<br>
Тогда реальностью станет Вечная Быль!<br>
Монархия Создателя станет на Руси, и в Мире, Итогом!</p>

<p class=""poem"">Можно уже готовить Форум Народа или Великое Вече!<br>
Это, по существу, форма людского Собрания!<br>
Повторяю, приготовьте для Вече Свечи!<br>
Раскроется в людях, тогда от Создателя, Дарования!</p>

<p class=""poem"">Наука и Искусство &ndash; это всегда Помощь от Бога!<br>
Создатель раздавал людям, каждый раз, Идеи!<br>
В результате этого и формировались итоги!<br>
Без подсказок Бога, Мир повторил бы Судьбу Помпеи!</p>

<p class=""poem"">Теперь пора собирать из человечества Пирамиду!<br>
Пора высказать свою Волю всему Пространству!<br>
Октаэдр для людей &ndash; это внутренняя Фемида!<br>
Нужно прекратить пустые людей странствия!</p>

<p class=""poem"">Сегодня люди мечтают о долголетии!<br>
Но это Программа только Создателя!<br>
Не хватает для этого от Бога Веления!<br>
Человек, прежде, не должен быть обывателем!</p>

<p class=""poem"">Создатель уже давал подсказки для Академии!<br>
Решение этой Задачи Создатель заложил в кровь!<br>
Не может быть в Любви никакой эпидемии!<br>
Идеальную кровь формирует, конечно, Любовь!</p>

<p class=""poem"">Перед Новой Эпохой, Бог власть поменяет быстро!<br>
Нельзя говорить о Завтра, утопая в крови!<br>
Люди уже чувствуют ложь власти остро!<br>
Россия скоро объединится со всеми в Любви!</p>

<p class=""poem"">Создатель объявит готовящиеся изменения!<br>
Управление возьмёт на себя от Бога Мессия!<br>
Не будет на людей от Неба никакого давления!<br>
Будет Вече и будет Особая от Бога Сессия!</p>

<p class=""poem"">Люди познают, что другого Пути уже нет!<br>
Люди повернут страну сами к Равенству!<br>
Вам теперь не нужен в Небо никакой Билет!<br>
Будет в России Любви Главенство!</p>

<p class=""poem"">Это только такой для России Путь в Завтра!<br>
Никакого поворота против Бога!<br>
Создатель откроет Вам Правду!<br>
К счастливому Создатель ведёт Русь Итогу!</p>

<p class=""noind"">Аминь.<br>
Отец Абсолют или Высший Космический Разум!</p>
"
6527b8d85c4e6b5b16fc0602^^False^False^"[""Вы так и не смогли сплотиться в Боге!""]"^Вы так и не смогли сплотиться в Боге!^10/12/2023 12:13:58^10/13/2023 02:16:26^poems/12.10.23^False^570ef2fcd07cda3e16f93ef7^"[""570ef2fcd07cda3e16f93ef7""]"^"<p class=""poem"">Этот Мир закачался уже и на Востоке!<br>
Лодка может не выдержать такой качки!<br>
Мир разделился на недружественные потоки!<br>
Всё очень похоже на последние скачки!</p>

<p class=""poem"">Когда пожар с двух сторон &ndash; это трагедия!<br>
Затушить пожар на Украине не получилось!<br>
Это уже смерть, а не Божественная комедия!<br>
Наблюдать за Мировым пожаром осталось!</p>

<p class=""poem"">Надо искать Исток этой новой трагедии!<br>
Можно не гадать: он лежит в голове!<br>
Есть в Мире экономическая эпидемия!<br>
Мировая Тьма теперь на военной тропе!</p>

<p class=""poem"">Договориться религиям не удастся!<br>
Это Вечное на Планете противостояние!<br>
Никто не собирается никому сдаваться!<br>
Мамона, а не религии, теперь достояние!</p>

<p class=""poem"">Тихая война под ковром опаснее всего!<br>
Интрига или разногласие глубоко!<br>
Стороны не выигрывают ничего!<br>
Всё решается примитивно и глупо!</p>

<p class=""poem"">Почему воюют Русь и Украина?<br>
Потому, что евреям нужна земля!<br>
При плохой игре, всегда плохая мина!<br>
Политике не нужна правильная стезя!</p>

<p class=""poem"">Понятно, что деньги управляют Миром!<br>
И видно, как это неумело!<br>
Всё получается на Планете криво!<br>
Нужна срочно этому Миру смена!</p>

<p class=""poem"">Теперь всем видно, что в Мире плохо,<br>
Что подошли сроки менять Идеологию,<br>
Что людей поджимают сроки,<br>
Повторяю, что этот Мир &ndash; патология!</p>

<p class=""poem"">Вам необходимо срочно готовиться!<br>
Срок для Великого Вече давно истёк!<br>
Вам уже поздно учиться строиться!<br>
Создатель давно Мессию нарёк!</p>

<p class=""poem"">Всё готово, повторяю, кроме Вас!<br>
Вы так и не смогли объединиться!<br>
Подходит Ваш Исторический час!<br>
Вам надо было давно определиться!</p>

<p class=""poem"">Для человечества уже готова Доктрина!<br>
Что будет с Миром, после войны?<br>
Готовится Богом изменение мира!<br>
Мир обойдётся без Океанской волны!</p>

<p class=""poem"">Истоки этих войн одни и те же!<br>
Кто-то очень хочет завоевать Мир!<br>
Нет никакой между народами межи!<br>
На Диавола у Тьмы &ndash; ориентир!</p>

<p class=""poem"">Россия в этой войне &ndash; не друг!<br>
Россия и не миротворец!<br>
Власть сделала из людей слуг!<br>
Поможет только ПервоТворец!</p>

<p class=""poem"">Вы должны понять, что беда пришла!<br>
Без Вас Создатель не закончит войну!<br>
Ваша Звезда над Миром взошла!<br>
В крайнем случае, Бог применит волну!</p>

<p class=""poem"">Сегодня есть Надежда на Эпоху!<br>
Шестая Эпоха спасёт человечество!<br>
Сегодня вторая война &ndash; очень плохо!<br>
Вы не успели сотворить Отечество!</p>

<p class=""poem"">Вы так и не смогли сплотиться в Боге!<br>
Знания для этого Бог передал!<br>
Посмотрите сами на свои Итоги!<br>
Получается, что человек Бога предал!</p>

<p class=""poem"">Обстановка в Мире не станет лучше!<br>
Мессию люди уложили в постель!<br>
Вам надо к себе относиться жёстче!<br>
Для передачи Идей Бога нужен апостиль!</p>

<p class=""poem"">Теперь перед Вами Мировой Пожар!<br>
Вы опоздали с огнетушителем!<br>
Россию тоже коснётся этот удар!<br>
Вы стали трагедии свидетелями!</p>

<p class=""poem"">Ваша Роль &ndash; это Роль Спасителя!<br>
Вы не услышали слова Бога!<br>
Вы, повторяю, только свидетели,<br>
Не ждите положительных итогов!</p>

<p class=""poem"">Переносится Великое Вече, а не война!<br>
Войну перенести нельзя!<br>
Если Россия не встанет, будет волна!<br>
А это для человечества уже другая стезя!</p>

<p class=""noind"">Аминь.<br>
Отец Абсолют или Высший Космический Разум!</p>
"
